[
  {
    "model": "admin.logentry",
    "pk": 1,
    "fields": {
      "action_time": "2023-08-30T16:45:37.164Z",
      "user": 1,
      "content_type": 13,
      "object_id": "1",
      "object_repr": "Второй В.В. - 2 Внимание",
      "action_flag": 1,
      "change_message": "[{\"added\": {}}]"
    }
  },
  {
    "model": "admin.logentry",
    "pk": 2,
    "fields": {
      "action_time": "2023-08-30T16:52:32.686Z",
      "user": 1,
      "content_type": 11,
      "object_id": "4",
      "object_repr": "4 Внимание",
      "action_flag": 1,
      "change_message": "[{\"added\": {}}]"
    }
  },
  {
    "model": "admin.logentry",
    "pk": 3,
    "fields": {
      "action_time": "2023-09-02T07:20:39.724Z",
      "user": 1,
      "content_type": 11,
      "object_id": "9",
      "object_repr": "9 sdzgdsg21",
      "action_flag": 1,
      "change_message": "[{\"added\": {}}]"
    }
  },
  {
    "model": "admin.logentry",
    "pk": 4,
    "fields": {
      "action_time": "2023-09-02T07:20:42.692Z",
      "user": 1,
      "content_type": 14,
      "object_id": "15",
      "object_repr": "Первый П.П. - 9 sdzgdsg21",
      "action_flag": 1,
      "change_message": "[{\"added\": {}}]"
    }
  },
  {
    "model": "admin.logentry",
    "pk": 5,
    "fields": {
      "action_time": "2023-09-03T11:09:52.618Z",
      "user": 1,
      "content_type": 6,
      "object_id": "3",
      "object_repr": "iko4akov@gmail.com",
      "action_flag": 1,
      "change_message": "[{\"added\": {}}]"
    }
  },
  {
    "model": "admin.logentry",
    "pk": 6,
    "fields": {
      "action_time": "2023-09-03T11:11:08.009Z",
      "user": 1,
      "content_type": 6,
      "object_id": "3",
      "object_repr": "iko4akov@gmail.com",
      "action_flag": 3,
      "change_message": ""
    }
  },
  {
    "model": "admin.logentry",
    "pk": 7,
    "fields": {
      "action_time": "2023-09-03T11:18:20.552Z",
      "user": 1,
      "content_type": 6,
      "object_id": "4",
      "object_repr": "iko4akov@gmail.com",
      "action_flag": 3,
      "change_message": ""
    }
  },
  {
    "model": "admin.logentry",
    "pk": 8,
    "fields": {
      "action_time": "2023-09-04T15:14:35.222Z",
      "user": 1,
      "content_type": 6,
      "object_id": "5",
      "object_repr": "iko4akov@gmail.com",
      "action_flag": 2,
      "change_message": "[{\"changed\": {\"fields\": [\"User permissions\", \"Staff status\"]}}]"
    }
  },
  {
    "model": "admin.logentry",
    "pk": 9,
    "fields": {
      "action_time": "2023-09-04T15:17:15.058Z",
      "user": 1,
      "content_type": 6,
      "object_id": "5",
      "object_repr": "iko4akov@gmail.com",
      "action_flag": 2,
      "change_message": "[{\"changed\": {\"fields\": [\"User permissions\"]}}]"
    }
  },
  {
    "model": "admin.logentry",
    "pk": 10,
    "fields": {
      "action_time": "2023-09-04T15:49:48.586Z",
      "user": 1,
      "content_type": 6,
      "object_id": "5",
      "object_repr": "iko4akov@gmail.com",
      "action_flag": 2,
      "change_message": "[]"
    }
  },
  {
    "model": "admin.logentry",
    "pk": 11,
    "fields": {
      "action_time": "2023-09-04T16:50:53.205Z",
      "user": 1,
      "content_type": 6,
      "object_id": "5",
      "object_repr": "iko4akov@gmail.com",
      "action_flag": 2,
      "change_message": "[{\"changed\": {\"fields\": [\"User permissions\"]}}]"
    }
  },
  {
    "model": "auth.permission",
    "pk": 1,
    "fields": {
      "name": "Can add log entry",
      "content_type": 1,
      "codename": "add_logentry"
    }
  },
  {
    "model": "auth.permission",
    "pk": 2,
    "fields": {
      "name": "Can change log entry",
      "content_type": 1,
      "codename": "change_logentry"
    }
  },
  {
    "model": "auth.permission",
    "pk": 3,
    "fields": {
      "name": "Can delete log entry",
      "content_type": 1,
      "codename": "delete_logentry"
    }
  },
  {
    "model": "auth.permission",
    "pk": 4,
    "fields": {
      "name": "Can view log entry",
      "content_type": 1,
      "codename": "view_logentry"
    }
  },
  {
    "model": "auth.permission",
    "pk": 5,
    "fields": {
      "name": "Can add permission",
      "content_type": 2,
      "codename": "add_permission"
    }
  },
  {
    "model": "auth.permission",
    "pk": 6,
    "fields": {
      "name": "Can change permission",
      "content_type": 2,
      "codename": "change_permission"
    }
  },
  {
    "model": "auth.permission",
    "pk": 7,
    "fields": {
      "name": "Can delete permission",
      "content_type": 2,
      "codename": "delete_permission"
    }
  },
  {
    "model": "auth.permission",
    "pk": 8,
    "fields": {
      "name": "Can view permission",
      "content_type": 2,
      "codename": "view_permission"
    }
  },
  {
    "model": "auth.permission",
    "pk": 9,
    "fields": {
      "name": "Can add group",
      "content_type": 3,
      "codename": "add_group"
    }
  },
  {
    "model": "auth.permission",
    "pk": 10,
    "fields": {
      "name": "Can change group",
      "content_type": 3,
      "codename": "change_group"
    }
  },
  {
    "model": "auth.permission",
    "pk": 11,
    "fields": {
      "name": "Can delete group",
      "content_type": 3,
      "codename": "delete_group"
    }
  },
  {
    "model": "auth.permission",
    "pk": 12,
    "fields": {
      "name": "Can view group",
      "content_type": 3,
      "codename": "view_group"
    }
  },
  {
    "model": "auth.permission",
    "pk": 13,
    "fields": {
      "name": "Can add content type",
      "content_type": 4,
      "codename": "add_contenttype"
    }
  },
  {
    "model": "auth.permission",
    "pk": 14,
    "fields": {
      "name": "Can change content type",
      "content_type": 4,
      "codename": "change_contenttype"
    }
  },
  {
    "model": "auth.permission",
    "pk": 15,
    "fields": {
      "name": "Can delete content type",
      "content_type": 4,
      "codename": "delete_contenttype"
    }
  },
  {
    "model": "auth.permission",
    "pk": 16,
    "fields": {
      "name": "Can view content type",
      "content_type": 4,
      "codename": "view_contenttype"
    }
  },
  {
    "model": "auth.permission",
    "pk": 17,
    "fields": {
      "name": "Can add session",
      "content_type": 5,
      "codename": "add_session"
    }
  },
  {
    "model": "auth.permission",
    "pk": 18,
    "fields": {
      "name": "Can change session",
      "content_type": 5,
      "codename": "change_session"
    }
  },
  {
    "model": "auth.permission",
    "pk": 19,
    "fields": {
      "name": "Can delete session",
      "content_type": 5,
      "codename": "delete_session"
    }
  },
  {
    "model": "auth.permission",
    "pk": 20,
    "fields": {
      "name": "Can view session",
      "content_type": 5,
      "codename": "view_session"
    }
  },
  {
    "model": "auth.permission",
    "pk": 21,
    "fields": {
      "name": "Can add user",
      "content_type": 6,
      "codename": "add_user"
    }
  },
  {
    "model": "auth.permission",
    "pk": 22,
    "fields": {
      "name": "Can change user",
      "content_type": 6,
      "codename": "change_user"
    }
  },
  {
    "model": "auth.permission",
    "pk": 23,
    "fields": {
      "name": "Can delete user",
      "content_type": 6,
      "codename": "delete_user"
    }
  },
  {
    "model": "auth.permission",
    "pk": 24,
    "fields": {
      "name": "Can view user",
      "content_type": 6,
      "codename": "view_user"
    }
  },
  {
    "model": "auth.permission",
    "pk": 25,
    "fields": {
      "name": "Can add Клиент",
      "content_type": 7,
      "codename": "add_client"
    }
  },
  {
    "model": "auth.permission",
    "pk": 26,
    "fields": {
      "name": "Can change Клиент",
      "content_type": 7,
      "codename": "change_client"
    }
  },
  {
    "model": "auth.permission",
    "pk": 27,
    "fields": {
      "name": "Can delete Клиент",
      "content_type": 7,
      "codename": "delete_client"
    }
  },
  {
    "model": "auth.permission",
    "pk": 28,
    "fields": {
      "name": "Can view Клиент",
      "content_type": 7,
      "codename": "view_client"
    }
  },
  {
    "model": "auth.permission",
    "pk": 29,
    "fields": {
      "name": "Can add Статус",
      "content_type": 8,
      "codename": "add_status"
    }
  },
  {
    "model": "auth.permission",
    "pk": 30,
    "fields": {
      "name": "Can change Статус",
      "content_type": 8,
      "codename": "change_status"
    }
  },
  {
    "model": "auth.permission",
    "pk": 31,
    "fields": {
      "name": "Can delete Статус",
      "content_type": 8,
      "codename": "delete_status"
    }
  },
  {
    "model": "auth.permission",
    "pk": 32,
    "fields": {
      "name": "Can view Статус",
      "content_type": 8,
      "codename": "view_status"
    }
  },
  {
    "model": "auth.permission",
    "pk": 33,
    "fields": {
      "name": "Can add Периодичность",
      "content_type": 9,
      "codename": "add_period"
    }
  },
  {
    "model": "auth.permission",
    "pk": 34,
    "fields": {
      "name": "Can change Периодичность",
      "content_type": 9,
      "codename": "change_period"
    }
  },
  {
    "model": "auth.permission",
    "pk": 35,
    "fields": {
      "name": "Can delete Периодичность",
      "content_type": 9,
      "codename": "delete_period"
    }
  },
  {
    "model": "auth.permission",
    "pk": 36,
    "fields": {
      "name": "Can view Периодичность",
      "content_type": 9,
      "codename": "view_period"
    }
  },
  {
    "model": "auth.permission",
    "pk": 37,
    "fields": {
      "name": "Can add Сообщение",
      "content_type": 10,
      "codename": "add_message"
    }
  },
  {
    "model": "auth.permission",
    "pk": 38,
    "fields": {
      "name": "Can change Сообщение",
      "content_type": 10,
      "codename": "change_message"
    }
  },
  {
    "model": "auth.permission",
    "pk": 39,
    "fields": {
      "name": "Can delete Сообщение",
      "content_type": 10,
      "codename": "delete_message"
    }
  },
  {
    "model": "auth.permission",
    "pk": 40,
    "fields": {
      "name": "Can view Сообщение",
      "content_type": 10,
      "codename": "view_message"
    }
  },
  {
    "model": "auth.permission",
    "pk": 41,
    "fields": {
      "name": "Can add Рассылка",
      "content_type": 11,
      "codename": "add_send"
    }
  },
  {
    "model": "auth.permission",
    "pk": 42,
    "fields": {
      "name": "Can change Рассылка",
      "content_type": 11,
      "codename": "change_send"
    }
  },
  {
    "model": "auth.permission",
    "pk": 43,
    "fields": {
      "name": "Can delete Рассылка",
      "content_type": 11,
      "codename": "delete_send"
    }
  },
  {
    "model": "auth.permission",
    "pk": 44,
    "fields": {
      "name": "Can view Рассылка",
      "content_type": 11,
      "codename": "view_send"
    }
  },
  {
    "model": "auth.permission",
    "pk": 45,
    "fields": {
      "name": "Can add Лог",
      "content_type": 12,
      "codename": "add_logs"
    }
  },
  {
    "model": "auth.permission",
    "pk": 46,
    "fields": {
      "name": "Can change Лог",
      "content_type": 12,
      "codename": "change_logs"
    }
  },
  {
    "model": "auth.permission",
    "pk": 47,
    "fields": {
      "name": "Can delete Лог",
      "content_type": 12,
      "codename": "delete_logs"
    }
  },
  {
    "model": "auth.permission",
    "pk": 48,
    "fields": {
      "name": "Can view Лог",
      "content_type": 12,
      "codename": "view_logs"
    }
  },
  {
    "model": "auth.permission",
    "pk": 49,
    "fields": {
      "name": "Can add mailing list model",
      "content_type": 13,
      "codename": "add_mailinglistmodel"
    }
  },
  {
    "model": "auth.permission",
    "pk": 50,
    "fields": {
      "name": "Can change mailing list model",
      "content_type": 13,
      "codename": "change_mailinglistmodel"
    }
  },
  {
    "model": "auth.permission",
    "pk": 51,
    "fields": {
      "name": "Can delete mailing list model",
      "content_type": 13,
      "codename": "delete_mailinglistmodel"
    }
  },
  {
    "model": "auth.permission",
    "pk": 52,
    "fields": {
      "name": "Can view mailing list model",
      "content_type": 13,
      "codename": "view_mailinglistmodel"
    }
  },
  {
    "model": "auth.permission",
    "pk": 53,
    "fields": {
      "name": "Can add mailing list",
      "content_type": 13,
      "codename": "add_mailinglist"
    }
  },
  {
    "model": "auth.permission",
    "pk": 54,
    "fields": {
      "name": "Can change mailing list",
      "content_type": 13,
      "codename": "change_mailinglist"
    }
  },
  {
    "model": "auth.permission",
    "pk": 55,
    "fields": {
      "name": "Can delete mailing list",
      "content_type": 13,
      "codename": "delete_mailinglist"
    }
  },
  {
    "model": "auth.permission",
    "pk": 56,
    "fields": {
      "name": "Can view mailing list",
      "content_type": 13,
      "codename": "view_mailinglist"
    }
  },
  {
    "model": "auth.permission",
    "pk": 57,
    "fields": {
      "name": "Can add mailing",
      "content_type": 14,
      "codename": "add_mailing"
    }
  },
  {
    "model": "auth.permission",
    "pk": 58,
    "fields": {
      "name": "Can change mailing",
      "content_type": 14,
      "codename": "change_mailing"
    }
  },
  {
    "model": "auth.permission",
    "pk": 59,
    "fields": {
      "name": "Can delete mailing",
      "content_type": 14,
      "codename": "delete_mailing"
    }
  },
  {
    "model": "auth.permission",
    "pk": 60,
    "fields": {
      "name": "Can view mailing",
      "content_type": 14,
      "codename": "view_mailing"
    }
  },
  {
    "model": "auth.permission",
    "pk": 61,
    "fields": {
      "name": "Can add Блог",
      "content_type": 15,
      "codename": "add_blog"
    }
  },
  {
    "model": "auth.permission",
    "pk": 62,
    "fields": {
      "name": "Can change Блог",
      "content_type": 15,
      "codename": "change_blog"
    }
  },
  {
    "model": "auth.permission",
    "pk": 63,
    "fields": {
      "name": "Can delete Блог",
      "content_type": 15,
      "codename": "delete_blog"
    }
  },
  {
    "model": "auth.permission",
    "pk": 64,
    "fields": {
      "name": "Can view Блог",
      "content_type": 15,
      "codename": "view_blog"
    }
  },
  {
    "model": "contenttypes.contenttype",
    "pk": 1,
    "fields": {
      "app_label": "admin",
      "model": "logentry"
    }
  },
  {
    "model": "contenttypes.contenttype",
    "pk": 2,
    "fields": {
      "app_label": "auth",
      "model": "permission"
    }
  },
  {
    "model": "contenttypes.contenttype",
    "pk": 3,
    "fields": {
      "app_label": "auth",
      "model": "group"
    }
  },
  {
    "model": "contenttypes.contenttype",
    "pk": 4,
    "fields": {
      "app_label": "contenttypes",
      "model": "contenttype"
    }
  },
  {
    "model": "contenttypes.contenttype",
    "pk": 5,
    "fields": {
      "app_label": "sessions",
      "model": "session"
    }
  },
  {
    "model": "contenttypes.contenttype",
    "pk": 6,
    "fields": {
      "app_label": "user",
      "model": "user"
    }
  },
  {
    "model": "contenttypes.contenttype",
    "pk": 7,
    "fields": {
      "app_label": "client",
      "model": "client"
    }
  },
  {
    "model": "contenttypes.contenttype",
    "pk": 8,
    "fields": {
      "app_label": "status",
      "model": "status"
    }
  },
  {
    "model": "contenttypes.contenttype",
    "pk": 9,
    "fields": {
      "app_label": "period",
      "model": "period"
    }
  },
  {
    "model": "contenttypes.contenttype",
    "pk": 10,
    "fields": {
      "app_label": "message",
      "model": "message"
    }
  },
  {
    "model": "contenttypes.contenttype",
    "pk": 11,
    "fields": {
      "app_label": "send",
      "model": "send"
    }
  },
  {
    "model": "contenttypes.contenttype",
    "pk": 12,
    "fields": {
      "app_label": "logs",
      "model": "logs"
    }
  },
  {
    "model": "contenttypes.contenttype",
    "pk": 13,
    "fields": {
      "app_label": "mailing_list",
      "model": "mailinglist"
    }
  },
  {
    "model": "contenttypes.contenttype",
    "pk": 14,
    "fields": {
      "app_label": "mailing",
      "model": "mailing"
    }
  },
  {
    "model": "contenttypes.contenttype",
    "pk": 15,
    "fields": {
      "app_label": "blog",
      "model": "blog"
    }
  },
  {
    "model": "sessions.session",
    "pk": "4vv3auqiijv8m7v73k8pk364sejagcs6",
    "fields": {
      "session_data": ".eJxVjEsOwjAMBe-SNYoaJ6YOS_Y9QxXHDi2gRupnhbg7VOoCtm9m3sv0aVuHflt07kcxF-PM6XfjlB867UDuabpVm-u0ziPbXbEHXWxXRZ_Xw_07GNIyfGuUWBSK44ycHWmk2IrHcG44NkrgiECRS0Alr5hKIJQWQhQG8Czm_QHq7Tfu:1qbOJf:wH8RoE3xa2CnZrMVXDJwB-7wHvyQNInYirpnwRuQJ0M",
      "expire_date": "2023-09-13T16:45:15.049Z"
    }
  },
  {
    "model": "sessions.session",
    "pk": "vawox66vggaal8zlb5qpnzn6ozeigohe",
    "fields": {
      "session_data": ".eJxVjEsOwjAMBe-SNYoaJ6YOS_Y9QxXHDi2gRupnhbg7VOoCtm9m3sv0aVuHflt07kcxF-PM6XfjlB867UDuabpVm-u0ziPbXbEHXWxXRZ_Xw_07GNIyfGuUWBSK44ycHWmk2IrHcG44NkrgiECRS0Alr5hKIJQWQhQG8Czm_QHq7Tfu:1qdXZ4:3jH0_4dd2ixn5U6JKzTnz0Yx5PSfP-agcBwkDRnkOL4",
      "expire_date": "2023-09-19T15:02:02.649Z"
    }
  },
  {
    "model": "user.user",
    "pk": 1,
    "fields": {
      "password": "pbkdf2_sha256$600000$QERISVS2qnMNQZpdoRmMHV$Ud0gcRfXUBoFEK8g/1NQ7OcsRNeGPwgwJPkYl3ZPgZk=",
      "last_login": "2023-09-05T15:02:02.641Z",
      "is_superuser": true,
      "first_name": "",
      "last_name": "",
      "is_staff": true,
      "is_active": true,
      "date_joined": "2023-08-30T16:33:56.234Z",
      "phone": "12345678910",
      "avatar": "users/123.bmp",
      "country": "United1",
      "email": "admin@admin.com",
      "check_email": false,
      "verify_number": null,
      "groups": [],
      "user_permissions": []
    }
  },
  {
    "model": "user.user",
    "pk": 5,
    "fields": {
      "password": "pbkdf2_sha256$600000$xtnPMneOIuIONL9WfZOzvn$FhoEYsFeMgHld66LkRJ1LXlejTuFlAe9ZqZS/H/blvE=",
      "last_login": "2023-09-05T15:01:30.385Z",
      "is_superuser": false,
      "first_name": "",
      "last_name": "",
      "is_staff": true,
      "is_active": true,
      "date_joined": "2023-09-03T11:20:39Z",
      "phone": null,
      "avatar": "",
      "country": null,
      "email": "iko4akov@gmail.com",
      "check_email": true,
      "verify_number": "86802",
      "groups": [],
      "user_permissions": [
        60,
        54,
        42,
        24
      ]
    }
  },
  {
    "model": "user.user",
    "pk": 6,
    "fields": {
      "password": "pbkdf2_sha256$600000$8H5Uka1Ul56dvwGdJAlCZj$N0d3jvCoYnr8w6lpVl23Uc4WPEZ2+GIIOriz5b9fyzM=",
      "last_login": "2023-09-04T16:29:32.272Z",
      "is_superuser": false,
      "first_name": "",
      "last_name": "",
      "is_staff": false,
      "is_active": true,
      "date_joined": "2023-09-04T14:21:46.442Z",
      "phone": null,
      "avatar": "",
      "country": null,
      "email": "as1cs09@yandex.ru",
      "check_email": true,
      "verify_number": "56828",
      "groups": [],
      "user_permissions": []
    }
  },
  {
    "model": "client.client",
    "pk": 1,
    "fields": {
      "first_name": "Перваков",
      "second_name": "Первый",
      "third_name": "Первович",
      "email": "111@111.com",
      "comment": "111111123",
      "user": 1
    }
  },
  {
    "model": "client.client",
    "pk": 3,
    "fields": {
      "first_name": "Третьяков",
      "second_name": "Третий",
      "third_name": "Третьевич",
      "email": "333@333.com",
      "comment": "1234214",
      "user": 1
    }
  },
  {
    "model": "client.client",
    "pk": 4,
    "fields": {
      "first_name": "213",
      "second_name": "321",
      "third_name": "213213",
      "email": "rewq@sd12321fsdf.com",
      "comment": "2134521ку",
      "user": 1
    }
  },
  {
    "model": "client.client",
    "pk": 6,
    "fields": {
      "first_name": "Саня",
      "second_name": "wer",
      "third_name": "wr",
      "email": "we51515rew@segs.com",
      "comment": "2141 vbwtbnsten",
      "user": 1
    }
  },
  {
    "model": "client.client",
    "pk": 9,
    "fields": {
      "first_name": "hsajd",
      "second_name": "dsgk",
      "third_name": "sdhgsdg",
      "email": "iko4akov@gmail.com",
      "comment": "1243214",
      "user": 5
    }
  },
  {
    "model": "client.client",
    "pk": 10,
    "fields": {
      "first_name": "ИВОНОВ",
      "second_name": "пЕТРОВ",
      "third_name": "сИДОРОВ",
      "email": "321213@123421.GMAIL",
      "comment": "НЕ ПОЛУЧСИТ ПРЕМИЮ",
      "user": 6
    }
  },
  {
    "model": "status.status",
    "pk": 1,
    "fields": {
      "name": "Создана"
    }
  },
  {
    "model": "status.status",
    "pk": 2,
    "fields": {
      "name": "Запущена"
    }
  },
  {
    "model": "status.status",
    "pk": 3,
    "fields": {
      "name": "Завершена"
    }
  },
  {
    "model": "status.status",
    "pk": 4,
    "fields": {
      "name": "Создана"
    }
  },
  {
    "model": "status.status",
    "pk": 5,
    "fields": {
      "name": "Запущена"
    }
  },
  {
    "model": "status.status",
    "pk": 6,
    "fields": {
      "name": "Завершена"
    }
  },
  {
    "model": "status.status",
    "pk": 7,
    "fields": {
      "name": "Создана"
    }
  },
  {
    "model": "status.status",
    "pk": 8,
    "fields": {
      "name": "Запущена"
    }
  },
  {
    "model": "status.status",
    "pk": 9,
    "fields": {
      "name": "Завершена"
    }
  },
  {
    "model": "period.period",
    "pk": 1,
    "fields": {
      "name": "День"
    }
  },
  {
    "model": "period.period",
    "pk": 2,
    "fields": {
      "name": "Неделя"
    }
  },
  {
    "model": "period.period",
    "pk": 3,
    "fields": {
      "name": "Месяц"
    }
  },
  {
    "model": "period.period",
    "pk": 4,
    "fields": {
      "name": "День"
    }
  },
  {
    "model": "period.period",
    "pk": 5,
    "fields": {
      "name": "Неделя"
    }
  },
  {
    "model": "period.period",
    "pk": 6,
    "fields": {
      "name": "Месяц"
    }
  },
  {
    "model": "period.period",
    "pk": 7,
    "fields": {
      "name": "День"
    }
  },
  {
    "model": "period.period",
    "pk": 8,
    "fields": {
      "name": "Неделя"
    }
  },
  {
    "model": "period.period",
    "pk": 9,
    "fields": {
      "name": "Месяц"
    }
  },
  {
    "model": "message.message",
    "pk": 4,
    "fields": {
      "theme": "Cegthl;;jk",
      "message": "Siupeer",
      "user": 1
    }
  },
  {
    "model": "message.message",
    "pk": 5,
    "fields": {
      "theme": "qwefd",
      "message": "Siupeer",
      "user": 1
    }
  },
  {
    "model": "message.message",
    "pk": 8,
    "fields": {
      "theme": "sdzgdsg21",
      "message": "sdgsdgsdg32",
      "user": 1
    }
  },
  {
    "model": "message.message",
    "pk": 12,
    "fields": {
      "theme": "start",
      "message": "storp",
      "user": 5
    }
  },
  {
    "model": "message.message",
    "pk": 13,
    "fields": {
      "theme": "ПРЕМИЯ",
      "message": "ВЫ НЕ ПОЛУЧИТЕ ПРЕМИЮ",
      "user": 6
    }
  },
  {
    "model": "send.send",
    "pk": 11,
    "fields": {
      "message": 5,
      "status": 1,
      "period": 4,
      "time": "07:20:58",
      "user": 1
    }
  },
  {
    "model": "send.send",
    "pk": 12,
    "fields": {
      "message": 5,
      "status": 1,
      "period": 4,
      "time": "07:20:58",
      "user": 1
    }
  },
  {
    "model": "send.send",
    "pk": 13,
    "fields": {
      "message": 5,
      "status": 1,
      "period": 4,
      "time": "07:20:58",
      "user": 1
    }
  },
  {
    "model": "send.send",
    "pk": 14,
    "fields": {
      "message": 5,
      "status": 1,
      "period": 4,
      "time": "07:20:58",
      "user": 1
    }
  },
  {
    "model": "send.send",
    "pk": 15,
    "fields": {
      "message": 5,
      "status": 1,
      "period": 4,
      "time": "07:20:58",
      "user": 1
    }
  },
  {
    "model": "send.send",
    "pk": 17,
    "fields": {
      "message": 5,
      "status": 1,
      "period": 2,
      "time": "07:33:12",
      "user": 1
    }
  },
  {
    "model": "send.send",
    "pk": 47,
    "fields": {
      "message": 8,
      "status": 1,
      "period": 2,
      "time": "12:37:37",
      "user": 1
    }
  },
  {
    "model": "send.send",
    "pk": 49,
    "fields": {
      "message": 5,
      "status": 1,
      "period": 1,
      "time": "15:13:29",
      "user": 5
    }
  },
  {
    "model": "send.send",
    "pk": 50,
    "fields": {
      "message": 13,
      "status": 1,
      "period": 3,
      "time": "15:11:37",
      "user": 6
    }
  },
  {
    "model": "logs.logs",
    "pk": 1,
    "fields": {
      "try_last": "2023-09-05T14:59:54.754Z",
      "send": 11,
      "respounse": "Ошибка при отправке письма: \"to\" argument must be a list or tuple"
    }
  },
  {
    "model": "logs.logs",
    "pk": 2,
    "fields": {
      "try_last": "2023-09-05T14:59:54.818Z",
      "send": 12,
      "respounse": "Ошибка при отправке письма: \"to\" argument must be a list or tuple"
    }
  },
  {
    "model": "logs.logs",
    "pk": 3,
    "fields": {
      "try_last": "2023-09-05T14:59:54.832Z",
      "send": 50,
      "respounse": "Ошибка при отправке письма: \"to\" argument must be a list or tuple"
    }
  },
  {
    "model": "logs.logs",
    "pk": 4,
    "fields": {
      "try_last": "2023-09-05T14:59:54.842Z",
      "send": 47,
      "respounse": "Ошибка при отправке письма: \"to\" argument must be a list or tuple"
    }
  },
  {
    "model": "logs.logs",
    "pk": 5,
    "fields": {
      "try_last": "2023-09-05T14:59:54.851Z",
      "send": 13,
      "respounse": "Ошибка при отправке письма: \"to\" argument must be a list or tuple"
    }
  },
  {
    "model": "logs.logs",
    "pk": 6,
    "fields": {
      "try_last": "2023-09-05T14:59:54.860Z",
      "send": 14,
      "respounse": "Ошибка при отправке письма: \"to\" argument must be a list or tuple"
    }
  },
  {
    "model": "logs.logs",
    "pk": 7,
    "fields": {
      "try_last": "2023-09-05T15:01:35.806Z",
      "send": 11,
      "respounse": "Письмо успешно отправлено"
    }
  },
  {
    "model": "logs.logs",
    "pk": 8,
    "fields": {
      "try_last": "2023-09-05T15:01:36.599Z",
      "send": 12,
      "respounse": "Письмо успешно отправлено"
    }
  },
  {
    "model": "logs.logs",
    "pk": 9,
    "fields": {
      "try_last": "2023-09-05T15:01:37.464Z",
      "send": 50,
      "respounse": "Письмо успешно отправлено"
    }
  },
  {
    "model": "logs.logs",
    "pk": 10,
    "fields": {
      "try_last": "2023-09-05T15:01:38.205Z",
      "send": 47,
      "respounse": "Письмо успешно отправлено"
    }
  },
  {
    "model": "logs.logs",
    "pk": 11,
    "fields": {
      "try_last": "2023-09-05T15:01:38.750Z",
      "send": 13,
      "respounse": "Письмо успешно отправлено"
    }
  },
  {
    "model": "logs.logs",
    "pk": 12,
    "fields": {
      "try_last": "2023-09-05T15:01:39.562Z",
      "send": 14,
      "respounse": "Письмо успешно отправлено"
    }
  },
  {
    "model": "logs.logs",
    "pk": 13,
    "fields": {
      "try_last": "2023-09-05T15:01:40.249Z",
      "send": 50,
      "respounse": "Письмо успешно отправлено"
    }
  },
  {
    "model": "logs.logs",
    "pk": 14,
    "fields": {
      "try_last": "2023-09-05T15:19:33.553Z",
      "send": 11,
      "respounse": "Письмо успешно отправлено"
    }
  },
  {
    "model": "logs.logs",
    "pk": 15,
    "fields": {
      "try_last": "2023-09-05T15:19:34.269Z",
      "send": 12,
      "respounse": "Письмо успешно отправлено"
    }
  },
  {
    "model": "logs.logs",
    "pk": 16,
    "fields": {
      "try_last": "2023-09-05T15:19:34.959Z",
      "send": 50,
      "respounse": "Письмо успешно отправлено"
    }
  },
  {
    "model": "logs.logs",
    "pk": 17,
    "fields": {
      "try_last": "2023-09-05T15:19:35.702Z",
      "send": 47,
      "respounse": "Письмо успешно отправлено"
    }
  },
  {
    "model": "logs.logs",
    "pk": 18,
    "fields": {
      "try_last": "2023-09-05T15:19:36.321Z",
      "send": 13,
      "respounse": "Письмо успешно отправлено"
    }
  },
  {
    "model": "logs.logs",
    "pk": 19,
    "fields": {
      "try_last": "2023-09-05T15:19:37.101Z",
      "send": 14,
      "respounse": "Письмо успешно отправлено"
    }
  },
  {
    "model": "logs.logs",
    "pk": 20,
    "fields": {
      "try_last": "2023-09-05T15:19:37.637Z",
      "send": 50,
      "respounse": "Письмо успешно отправлено"
    }
  },
  {
    "model": "logs.logs",
    "pk": 21,
    "fields": {
      "try_last": "2023-09-05T15:19:38.392Z",
      "send": 14,
      "respounse": "Письмо успешно отправлено"
    }
  },
  {
    "model": "logs.logs",
    "pk": 22,
    "fields": {
      "try_last": "2023-09-05T15:47:29.519Z",
      "send": 11,
      "respounse": "Письмо успешно отправлено"
    }
  },
  {
    "model": "logs.logs",
    "pk": 23,
    "fields": {
      "try_last": "2023-09-05T15:47:30.140Z",
      "send": 12,
      "respounse": "Письмо успешно отправлено"
    }
  },
  {
    "model": "logs.logs",
    "pk": 24,
    "fields": {
      "try_last": "2023-09-05T15:47:30.910Z",
      "send": 50,
      "respounse": "Письмо успешно отправлено"
    }
  },
  {
    "model": "logs.logs",
    "pk": 25,
    "fields": {
      "try_last": "2023-09-05T15:47:31.494Z",
      "send": 47,
      "respounse": "Письмо успешно отправлено"
    }
  },
  {
    "model": "logs.logs",
    "pk": 26,
    "fields": {
      "try_last": "2023-09-05T15:47:32.288Z",
      "send": 13,
      "respounse": "Письмо успешно отправлено"
    }
  },
  {
    "model": "logs.logs",
    "pk": 27,
    "fields": {
      "try_last": "2023-09-05T15:47:32.980Z",
      "send": 14,
      "respounse": "Письмо успешно отправлено"
    }
  },
  {
    "model": "logs.logs",
    "pk": 28,
    "fields": {
      "try_last": "2023-09-05T15:47:33.874Z",
      "send": 50,
      "respounse": "Письмо успешно отправлено"
    }
  },
  {
    "model": "logs.logs",
    "pk": 29,
    "fields": {
      "try_last": "2023-09-05T15:47:34.518Z",
      "send": 14,
      "respounse": "Письмо успешно отправлено"
    }
  },
  {
    "model": "logs.logs",
    "pk": 30,
    "fields": {
      "try_last": "2023-09-05T15:55:04.373Z",
      "send": 11,
      "respounse": "Письмо успешно отправлено"
    }
  },
  {
    "model": "logs.logs",
    "pk": 31,
    "fields": {
      "try_last": "2023-09-05T15:55:05.118Z",
      "send": 12,
      "respounse": "Письмо успешно отправлено"
    }
  },
  {
    "model": "logs.logs",
    "pk": 32,
    "fields": {
      "try_last": "2023-09-05T15:55:05.789Z",
      "send": 50,
      "respounse": "Письмо успешно отправлено"
    }
  },
  {
    "model": "logs.logs",
    "pk": 33,
    "fields": {
      "try_last": "2023-09-05T15:55:06.303Z",
      "send": 47,
      "respounse": "Ошибка при отправке письма: (554, b'5.7.1 Message rejected under suspicion of SPAM; https://ya.cc/1IrBc 1693929306-5tZvSt0DRKo0-hHdc3DIn')"
    }
  },
  {
    "model": "logs.logs",
    "pk": 34,
    "fields": {
      "try_last": "2023-09-05T15:55:07.256Z",
      "send": 13,
      "respounse": "Письмо успешно отправлено"
    }
  },
  {
    "model": "logs.logs",
    "pk": 35,
    "fields": {
      "try_last": "2023-09-05T15:55:07.796Z",
      "send": 14,
      "respounse": "Письмо успешно отправлено"
    }
  },
  {
    "model": "logs.logs",
    "pk": 36,
    "fields": {
      "try_last": "2023-09-05T15:55:08.547Z",
      "send": 50,
      "respounse": "Письмо успешно отправлено"
    }
  },
  {
    "model": "logs.logs",
    "pk": 37,
    "fields": {
      "try_last": "2023-09-05T15:55:09.074Z",
      "send": 14,
      "respounse": "Письмо успешно отправлено"
    }
  },
  {
    "model": "mailing.mailing",
    "pk": 16,
    "fields": {
      "client": 6,
      "send": 11,
      "user": 5
    }
  },
  {
    "model": "mailing.mailing",
    "pk": 17,
    "fields": {
      "client": 3,
      "send": 12,
      "user": 5
    }
  },
  {
    "model": "mailing.mailing",
    "pk": 18,
    "fields": {
      "client": 10,
      "send": 50,
      "user": 6
    }
  },
  {
    "model": "mailing.mailing",
    "pk": 19,
    "fields": {
      "client": 4,
      "send": 47,
      "user": 5
    }
  },
  {
    "model": "mailing.mailing",
    "pk": 20,
    "fields": {
      "client": 10,
      "send": 13,
      "user": 5
    }
  },
  {
    "model": "mailing.mailing",
    "pk": 21,
    "fields": {
      "client": 4,
      "send": 14,
      "user": 5
    }
  },
  {
    "model": "mailing.mailing",
    "pk": 22,
    "fields": {
      "client": 10,
      "send": 50,
      "user": 5
    }
  },
  {
    "model": "mailing.mailing",
    "pk": 23,
    "fields": {
      "client": 1,
      "send": 14,
      "user": 5
    }
  },
  {
    "model": "blog.blog",
    "pk": 1,
    "fields": {
      "title": "123",
      "slug": "123",
      "content": "цкцу12",
      "preview": "",
      "date_created": "2023-09-03T12:04:41.635Z",
      "public": true,
      "count_view": 11,
      "user": null
    }
  },
  {
    "model": "blog.blog",
    "pk": 2,
    "fields": {
      "title": "23214",
      "slug": "23214",
      "content": "45435",
      "preview": "",
      "date_created": "2023-09-03T12:05:24.656Z",
      "public": true,
      "count_view": 23,
      "user": null
    }
  },
  {
    "model": "blog.blog",
    "pk": 3,
    "fields": {
      "title": "123325",
      "slug": "123325",
      "content": "213532",
      "preview": "",
      "date_created": "2023-09-03T12:05:36.038Z",
      "public": true,
      "count_view": 433,
      "user": null
    }
  },
  {
    "model": "blog.blog",
    "pk": 4,
    "fields": {
      "title": "12354",
      "slug": "12354",
      "content": "43643624234",
      "preview": "",
      "date_created": "2023-09-03T12:31:37.053Z",
      "public": false,
      "count_view": 2130213,
      "user": null
    }
  },
  {
    "model": "blog.blog",
    "pk": 5,
    "fields": {
      "title": "213",
      "slug": "213",
      "content": "123213",
      "preview": "",
      "date_created": "2023-09-03T12:34:22.899Z",
      "public": true,
      "count_view": 123213,
      "user": null
    }
  },
  {
    "model": "blog.blog",
    "pk": 6,
    "fields": {
      "title": ",блог яндкус",
      "slug": "blog-yandkus",
      "content": "ФНДЕКС",
      "preview": "",
      "date_created": "2023-09-04T15:10:12.994Z",
      "public": true,
      "count_view": 2133,
      "user": null
    }
  },
  {
    "model": "blog.blog",
    "pk": 7,
    "fields": {
      "title": "ГУГЛ",
      "slug": "gugl",
      "content": "ГУГУУГУГЛ",
      "preview": "",
      "date_created": "2023-09-04T15:10:31.166Z",
      "public": true,
      "count_view": 21,
      "user": null
    }
  }
]